{
  "US": {
    "moderate": 7407.893441324822,
    "high": 24543.327964432032,
    "very_high": 41674.90619030139,
    "population": 340110988
  },
  "01": {
    "moderate": 81.66264311057975,
    "high": 397.7996268222842,
    "very_high": 800.9325343778877,
    "population": 5157699
  },
  "02": {
    "moderate": 8.92438982549907,
    "high": 70.69768860056517,
    "very_high": 176.47334499523495,
    "population": 740133
  },
  "04": {
    "moderate": 293.03505534727634,
    "high": 978.0685839703497,
    "very_high": 1666.2099677574208,
    "population": 7582384
  },
  "05": {
    "moderate": 125.99368941454858,
    "high": 409.8413972712763,
    "very_high": 690.2931779682515,
    "population": 3088354
  },
  "06": {
    "moderate": 432.73800940597266,
    "high": 2654.1885164392293,
    "very_high": 5916.86379757997,
    "population": 39431263
  },
  "08": {
    "moderate": 155.36527594186074,
    "high": 325.0727703254666,
    "very_high": 450.5000996250329,
    "population": 5957493
  },
  "09": {
    "moderate": 92.87336850242642,
    "high": 331.53833961929564,
    "very_high": 581.8314114890547,
    "population": 3675069
  },
  "10": {
    "moderate": 17.937756567703275,
    "high": 62.647051484524994,
    "very_high": 108.88315037086218,
    "population": 1051917
  },
  "11": {
    "moderate": 11.45688223255239,
    "high": 73.70132845743656,
    "very_high": 167.7974272144804,
    "population": 702250
  },
  "12": {
    "moderate": 416.88684467456926,
    "high": 1680.6967358543993,
    "very_high": 3112.4513060328277,
    "population": 23372215
  },
  "13": {
    "moderate": 128.33323672410262,
    "high": 670.371858538664,
    "very_high": 1392.052004341274,
    "population": 11180878
  },
  "15": {
    "moderate": 10.409185979782592,
    "high": 45.75884736754289,
    "very_high": 88.0443494925095,
    "population": 1446146
  },
  "16": {
    "moderate": 46.16329028990505,
    "high": 224.1243602054499,
    "very_high": 450.58874918200763,
    "population": 2001619
  },
  "17": {
    "moderate": 221.10902813126998,
    "high": 772.0636851949015,
    "very_high": 1341.7611675989583,
    "population": 12710158
  },
  "18": {
    "moderate": 201.03696418429487,
    "high": 717.1044169511114,
    "very_high": 1258.048135790521,
    "population": 6924275
  },
  "19": {
    "moderate": 81.95081678536508,
    "high": 260.1519013861319,
    "very_high": 433.47355401073423,
    "population": 3241488
  },
  "20": {
    "moderate": 67.6790956490428,
    "high": 222.00250020888748,
    "very_high": 375.3036884172009,
    "population": 2970606
  },
  "21": {
    "moderate": 142.09492211019406,
    "high": 538.4478110172296,
    "very_high": 970.2073247736055,
    "population": 4588372
  },
  "22": {
    "moderate": 91.57297934518883,
    "high": 326.5984161775177,
    "very_high": 572.9312700929888,
    "population": 4597740
  },
  "23": {
    "moderate": 40.0566665481727,
    "high": 157.36266182211077,
    "very_high": 288.1011720532763,
    "population": 1405012
  },
  "24": {
    "moderate": 104.787911330889,
    "high": 379.9304725382237,
    "very_high": 671.3533289349998,
    "population": 6263220
  },
  "25": {
    "moderate": 253.28887401424404,
    "high": 756.8119573776964,
    "very_high": 1227.7173421436873,
    "population": 7136171
  },
  "26": {
    "moderate": 302.53536754715736,
    "high": 964.3079897468469,
    "very_high": 1609.6515714733098,
    "population": 10140459
  },
  "27": {
    "moderate": 81.8731525838052,
    "high": 334.3854402036376,
    "very_high": 622.8035073711399,
    "population": 5793151
  },
  "28": {
    "moderate": 78.19456644106995,
    "high": 305.23605327182605,
    "very_high": 557.2574585881441,
    "population": 2943045
  },
  "29": {
    "moderate": 187.44062446426798,
    "high": 730.5327733683228,
    "very_high": 1332.7778434219088,
    "population": 6245466
  },
  "30": {
    "moderate": 37.2167181627331,
    "high": 121.19899253901204,
    "very_high": 204.23730446648926,
    "population": 1137233
  },
  "31": {
    "moderate": 54.86321760676442,
    "high": 119.02065291002253,
    "very_high": 167.60318638076188,
    "population": 2005465
  },
  "32": {
    "moderate": 90.52946433689013,
    "high": 243.1259368380872,
    "very_high": 376.2391540431001,
    "population": 3267467
  },
  "33": {
    "moderate": 29.467483272894288,
    "high": 86.89957802882057,
    "very_high": 140.15543252292824,
    "population": 1409032
  },
  "34": {
    "moderate": 226.1176282171198,
    "high": 786.4389151786349,
    "very_high": 1364.3588033612632,
    "population": 9500851
  },
  "35": {
    "moderate": 87.7323311894138,
    "high": 326.17982808790464,
    "very_high": 582.8057266109283,
    "population": 2130256
  },
  "36": {
    "moderate": 437.8702430295838,
    "high": 1672.3169333794724,
    "very_high": 3023.749930849923,
    "population": 19867248
  },
  "37": {
    "moderate": 155.80576480601027,
    "high": 774.5809105993134,
    "very_high": 1573.6443577819387,
    "population": 11046024
  },
  "38": {
    "moderate": 15.760266141996706,
    "high": 90.24088006729633,
    "very_high": 195.14713803252138,
    "population": 796568
  },
  "39": {
    "moderate": 263.33104344657465,
    "high": 1025.5287843521965,
    "very_high": 1870.3374708055849,
    "population": 11883304
  },
  "40": {
    "moderate": 202.95442309316456,
    "high": 644.3754676496053,
    "very_high": 1073.752299774538,
    "population": 4095393
  },
  "41": {
    "moderate": 61.016210405309494,
    "high": 408.34865127482664,
    "very_high": 946.0916512114067,
    "population": 4272371
  },
  "42": {
    "moderate": 348.4205735149421,
    "high": 1124.0742520854394,
    "very_high": 1886.3934275951585,
    "population": 13078751
  },
  "44": {
    "moderate": 13.353238056090625,
    "high": 64.07391937296516,
    "very_high": 128.1502538364519,
    "population": 1112308
  },
  "45": {
    "moderate": 92.79984516951777,
    "high": 448.86201234982786,
    "very_high": 900.917747081875,
    "population": 5478831
  },
  "46": {
    "moderate": 26.560729111355496,
    "high": 85.54622911508729,
    "very_high": 143.45488612376488,
    "population": 924669
  },
  "47": {
    "moderate": 124.89986115352808,
    "high": 597.1204586011221,
    "very_high": 1192.3267461263335,
    "population": 7227750
  },
  "48": {
    "moderate": 804.6880747607097,
    "high": 2071.568325160455,
    "very_high": 3146.3912750943987,
    "population": 31290831
  },
  "49": {
    "moderate": 23.281098775438963,
    "high": 65.62776766455129,
    "very_high": 103.75787741933787,
    "population": 3503613
  },
  "50": {
    "moderate": 15.047810263908168,
    "high": 53.54349130474319,
    "very_high": 93.83119457129374,
    "population": 648493
  },
  "51": {
    "moderate": 135.90597089189663,
    "high": 590.1024589223615,
    "very_high": 1129.225293988036,
    "population": 8811195
  },
  "53": {
    "moderate": 91.02808288406673,
    "high": 497.73717139472916,
    "very_high": 1054.6599012242289,
    "population": 7958180
  },
  "54": {
    "moderate": 79.66625836536694,
    "high": 260.5066301264486,
    "very_high": 439.7877213050971,
    "population": 1769979
  },
  "55": {
    "moderate": 124.58781254978584,
    "high": 448.6305348426596,
    "very_high": 790.3489063188592,
    "population": 5960975
  },
  "56": {
    "moderate": 16.56948716075958,
    "high": 83.67143119578708,
    "very_high": 171.1653490545551,
    "population": 587618
  },
  "72": {
    "moderate": 65.25913999483245,
    "high": 148.93933350602032,
    "very_high": 214.48903816739826,
    "population": 3203295
  }
}